0	19
2	19
9	19
10	19
11	19
14	19
15	19
16	19
21	19
26	19
28	19
29	19
32	19
38	19
42	19
43	19
44	19
49	19
53	19
55	19
56	19
58	19
59	19
60	19
61	19
62	19
64	19
74	19
78	19
79	19
81	19
82	19
83	19
85	19
87	19
90	19
92	19
95	19
100	17
102	19
104	19
107	19
108	19
109	19
111	19
112	19
115	19
116	19
118	19
127	19
128	19
129	19
130	19
131	3
136	19
137	19
138	19
139	19
143	19
150	19
152	19
155	19
156	19
161	19
162	19
163	19
165	19
166	19
167	19
170	19
173	19
177	19
186	19
187	19
192	19
194	19
196	19
198	19
200	19
202	19
203	19
206	19
209	19
211	19
212	19
214	19
216	19
217	19
218	19
226	19
227	19
230	9
233	19
234	19
235	19
237	19
238	19
243	19
245	19
247	19
248	19
250	19
252	19
256	19
257	19
258	19
261	19
264	19
265	19
268	19
270	19
271	19
272	19
275	19
276	19
279	19
280	19
281	19
283	19
284	19
285	19
289	19
293	19
301	19
309	19
310	19
313	19
320	19
321	16
325	19
326	19
327	19
333	19
335	19
341	19
346	19
349	19
352	19
353	19
357	19
364	7
365	19
372	19
378	19
379	19
383	19
384	19
385	19
386	19
387	19
390	19
391	19
392	19
395	19
396	19
398	19
399	19
402	19
404	19
406	19
409	19
411	19
420	19
421	19
426	19
427	16
428	19
429	19
433	19
434	19
436	19
438	19
444	19
445	19
447	19
451	19
457	19
458	19
460	19
461	19
465	19
466	19
467	19
468	19
470	19
471	15
474	14
475	19
478	19
479	19
480	19
487	19
488	19
490	19
492	19
495	19
496	19
497	19
499	19
500	19
501	19
503	19
508	19
512	19
513	19
514	19
515	19
516	19
521	19
525	19
527	19
531	19
534	19
537	19
540	19
542	19
550	19
551	19
552	19
556	19
558	19
570	19
571	19
572	19
575	19
577	19
579	14
580	19
581	19
583	19
586	19
587	19
588	19
589	19
592	19
593	19
598	19
601	19
602	19
605	19
609	19
610	19
612	19
617	19
620	19
628	19
630	19
639	19
640	19
644	19
651	19
652	19
653	19
655	10
657	19
662	19
667	19
669	19
670	19
675	19
679	19
680	19
681	19
683	19
686	19
690	19
693	19
695	19
696	19
700	19
701	19
708	19
710	19
714	19
715	19
716	19
718	19
721	19
723	19
724	19
725	19
726	19
733	19
734	19
740	19
741	19
742	19
743	19
745	19
749	19
754	19
758	19
765	19
766	19
767	19
768	19
770	19
772	19
773	19
775	19
781	19
782	19
784	19
785	19
787	19
788	19
790	19
794	19
796	19
797	19
800	19
801	19
803	19
805	19
807	19
811	19
813	19
816	19
820	19
822	19
826	19
829	19
831	19
834	19
839	19
842	19
843	19
846	19
847	19
848	19
849	19
850	19
851	19
854	19
855	19
856	19
857	19
858	19
859	19
861	8
862	19
864	19
870	19
871	19
880	19
883	19
889	19
891	19
895	19
897	19
900	19
903	19
904	19
906	16
907	19
908	19
909	19
910	19
912	19
914	19
915	19
917	19
919	19
920	19
924	19
926	19
930	19
932	13
936	19
939	19
942	19
944	19
945	19
947	19
957	19
959	19
960	19
962	19
965	19
968	19
969	19
974	19
977	1
979	19
982	19
984	19
991	19
992	19
995	19
999	19
1000	19
1001	19
1002	19
1008	19
1009	19
1010	19
1011	19
1013	19
1014	19
1015	19
1017	19
1020	19
1021	19
1023	19
1028	19
1030	19
1032	19
1034	19
1035	19
1037	19
1040	19
1044	19
1045	19
1051	19
1055	19
1057	19
1060	19
1066	19
1067	19
1070	19
1073	19
1074	19
1075	19
1076	19
1078	19
1080	19
1083	19
1084	19
1085	19
1089	19
1091	19
1093	19
1094	19
1095	19
1097	19
1099	19
1100	19
1101	19
1107	19
1108	19
1111	19
1112	19
1113	19
1116	19
1117	19
1118	10
1125	19
1131	19
1132	19
1133	19
1137	19
1143	19
1144	19
1147	19
1148	19
1149	19
1150	19
1151	19
1153	19
1157	19
1159	19
1160	19
1161	19
1163	19
1164	19
1166	19
1167	19
1171	19
1172	19
1179	19
1186	19
1187	19
1189	19
1192	19
1195	19
1196	16
1203	19
1204	19
1205	19
1206	19
1207	19
1209	19
1211	19
1219	19
1220	19
1224	19
1226	19
1227	19
1230	19
1233	17
1236	19
1242	14
1244	19
1249	19
1250	19
1259	19
1262	19
1264	19
1267	19
1268	19
1269	19
1272	19
1273	19
1274	19
1276	19
1282	19
1283	19
1286	3
1288	19
1289	5
1290	19
1292	19
1299	19
1300	19
1302	19
1307	19
1312	19
1313	19
1314	19
1317	19
1318	19
1319	19
1322	19
1323	19
1325	19
1327	19
1331	19
1332	19
1335	19
1338	17
1341	19
1347	19
1349	19
1352	19
1353	19
1354	8
1355	19
1358	19
1359	4
1360	19
1362	19
1363	19
1366	19
1367	19
1375	19
1377	19
1380	19
1381	9
1382	19
1385	6
1386	19
1387	19
1390	19
1394	19
1397	19
1399	19
1402	19
1406	19
1408	19
1412	19
1413	19
1414	19
1424	19
1430	11
1431	19
1433	19
1435	12
1437	19
1445	19
1449	19
1453	19
1458	19
1459	19
1461	19
1464	19
1466	19
1468	19
1470	19
1471	19
1472	19
1473	19
1474	19
1477	19
1480	19
1483	19
1484	19
1485	19
1489	19
1490	19
1493	19
1495	19
1501	19
1507	13
1510	19
1513	19
1514	19
1517	19
1519	19
1523	19
1524	19
1526	19
1527	19
1530	19
1532	19
1533	19
1538	19
1540	19
1541	19
1542	19
1544	19
1545	19
1549	19
1550	19
1551	19
1552	19
1553	19
1554	15
1555	19
1556	19
1558	19
1559	19
1564	19
1566	19
1567	19
1569	19
1575	19
1576	19
1577	19
1588	19
1589	19
1591	19
1594	19
1602	19
1604	17
1613	19
1614	19
1616	19
1619	19
1624	19
1627	19
1628	19
1630	19
1631	19
1633	19
1634	19
1636	19
1638	19
1641	19
1643	19
1644	19
1646	19
1649	19
1651	19
1652	19
1654	19
1660	19
1663	9
1664	19
1666	19
1667	19
1670	19
1672	19
1675	19
1678	19
1680	19
1681	19
1686	19
1688	16
1696	19
1698	19
1699	19
1700	19
1701	19
1702	19
1704	19
1706	19
1707	4
1709	19
1715	19
1716	19
1720	19
1722	19
1723	19
1724	19
1726	19
1727	19
1729	19
1730	10
1735	19
1736	19
1738	19
1747	19
1748	19
1749	19
1751	19
1758	19
1759	19
1765	19
1771	19
1772	19
1776	19
1786	19
1787	7
1789	19
1791	16
1792	19
1793	19
1794	19
1799	19
1800	19
1801	19
1802	19
1806	19
1808	19
1809	19
1811	19
1812	19
1813	19
1815	19
1818	19
1823	19
1825	19
1830	19
1833	19
1836	19
1838	19
1839	19
1840	19
1841	19
1850	19
1852	19
1860	19
1863	19
1864	19
1867	19
1868	19
1869	19
1871	19
1873	19
1874	14
1875	19
1876	19
1877	19
1879	19
1886	19
1887	19
1888	19
1889	19
1890	19
1891	19
1892	19
1894	19
1895	19
1904	19
1908	19
1909	8
1911	19
1912	19
1913	19
1914	19
1917	19
1918	19
1919	19
1921	19
1922	19
1923	19
1925	19
1926	19
1928	19
1934	19
1937	19
1940	19
1942	19
1943	19
1947	19
1951	8
1952	19
1954	19
1959	19
1964	19
1966	19
1972	19
1973	19
1975	19
1983	19
1984	19
1990	19
1995	19
1997	19
2001	19
2004	19
2005	19
2007	19
2010	19
2011	19
2012	19
2016	19
2017	19
2018	19
2019	15
2020	19
2025	19
2028	19
2031	19
2032	19
2037	19
2040	19
2042	19
2043	19
2045	19
2049	19
2050	19
2051	19
2054	19
2057	19
2060	19
2063	19
2064	19
2065	19
2066	19
2072	19
2073	19
2074	19
2077	19
2079	19
2081	19
2086	19
2087	19
2089	16
2091	19
2094	19
2095	19
2100	19
2101	19
2103	19
2104	19
2106	19
2107	19
2112	19
2113	19
2115	19
2116	19
2117	19
2121	19
2123	7
2124	19
2127	19
2129	19
2130	19
2133	19
2134	19
2136	19
2139	19
2144	19
2145	19
2148	19
2150	19
2154	19
2156	19
2157	19
2165	19
2166	19
2167	19
2168	19
2171	19
2172	19
2173	19
2175	19
2176	19
2178	19
2183	19
2186	19
2187	19
2189	7
2191	19
2192	19
2194	0
2195	19
2197	19
2199	19
2202	19
2204	19
2206	19
2207	19
2208	19
2209	19
2210	7
2212	19
2215	19
2216	19
2217	19
2218	19
2219	19
2223	19
2227	19
2229	18
2231	19
2233	19
2235	19
2238	19
2240	19
2243	19
2244	18
2245	19
2246	19
2247	2
2249	19
2250	19
2251	19
2256	19
2257	19
2260	19
2262	19
2263	19
2269	19
2272	19
2274	19
2275	19
2276	19
2277	19
2282	19
2285	19
2287	19
2292	19
2293	19
2294	19
2295	19
2296	19
2298	19
2299	19
2302	19
2304	19
2305	19
2311	19
2314	19
2315	19
2316	19
2320	19
2322	19
2323	7
2325	19
2326	19
2330	19
2335	19
2338	19
2339	19
2342	19
2343	19
2345	19
2346	19
2347	19
2349	19
2350	19
2351	19
2356	19
2357	19
2359	19
2361	19
2363	19
2364	19
2365	19
2366	19
2369	19
2373	19
2376	19
2379	19
2381	19
2390	19
2392	19
2396	19
2397	19
2400	19
2401	19
2405	19
2406	19
2407	19
2408	19
2409	19
2419	19
2423	19
2424	19
2426	19
2430	19
2431	19
2432	19
2436	11
2437	19
2441	19
2442	19
2443	19
2446	19
2447	19
2449	19
2450	19
2452	19
2454	19
2456	19
2457	19
2458	19
2459	19
2463	19
2464	19
2466	19
2469	19
2470	19
2472	19
2473	19
2475	19
2477	19
2479	19
2481	19
2484	19
2485	19
2486	19
2489	19
2492	19
2499	19
2502	19
2504	19
2506	19
2507	19
2509	19
2511	19
2513	19
2517	19
2520	19
2523	12
2524	19
2528	19
2531	19
2533	19
2534	19
2535	19
2536	14
2537	11
2541	19
2542	19
2544	19
2548	19
2561	19
2562	19
2564	19
2565	19
2570	19
2571	19
2572	19
2573	19
2575	19
2577	19
2578	19
2582	19
2583	19
2584	19
2588	19
2592	19
2593	19
2598	19
2602	19
2603	19
2608	19
2609	19
2613	19
2617	19
2620	19
2621	19
2622	19
2623	19
2624	19
2625	19
2627	14
2628	19
2629	19
2630	19
2633	19
2634	19
2635	19
2636	19
2637	19
2638	19
2644	19
2645	19
2647	19
2648	19
2650	19
2651	19
2652	19
2654	19
2655	17
2656	19
2659	19
2660	19
2662	19
2666	19
2668	19
2669	19
2672	19
2674	19
2675	19
2678	19
2680	19
2682	19
2683	19
2685	12
2689	19
2691	19
2694	19
2697	19
2698	19
2703	19
2705	19
2706	19
2708	19
2712	19
2714	19
2720	19
2721	19
2727	19
2732	19
2734	19
2739	19
2742	19
2746	19
2748	19
2749	19
2753	19
2754	19
2755	19
2758	19
2760	19
2767	19
2768	19
2772	19
2776	19
2779	19
2780	19
2781	19
2783	19
2788	19
2795	19
2796	19
2800	19
2801	19
2802	19
2803	19
2816	19
2818	19
2819	19
2822	19
2827	19
2832	19
2839	19
2842	19
2844	19
2846	0
2847	19
2848	19
2851	19
2863	19
2866	16
2870	19
2872	19
2874	19
2876	19
2879	19
2880	19
2882	19
2883	19
2886	19
2888	19
2892	19
2895	19
2898	19
2899	19
2900	19
2903	19
2905	19
2907	19
2908	19
2909	19
2912	19
2915	19
2916	19
2917	19
2919	19
2923	19
2925	5
2927	19
2928	19
2936	19
2937	19
2939	19
2940	19
2941	13
2942	19
2944	19
2946	19
2948	19
2949	19
2952	19
2953	19
2954	19
2955	19
2956	19
2958	19
2960	19
2961	19
2962	19
2963	19
2964	19
2965	19
2966	19
2968	19
2969	19
2970	19
2973	19
2976	19
2977	19
2980	19
2984	13
2985	19
2991	19
2997	19
2999	19
3000	19
3005	15
3006	19
3008	19
3013	19
3016	19
3017	19
3019	19
3020	19
3023	19
3025	19
3026	19
3027	19
3028	19
3029	19
3030	19
3031	19
3032	19
3033	19
3037	19
3038	19
3039	19
3042	19
3045	19
3046	19
3047	19
3048	19
3049	19
3053	19
3055	19
3057	19
3058	19
3064	19
3065	19
3066	1
3068	19
3069	19
3070	18
3072	19
3073	19
3074	19
3075	19
3080	19
3084	19
3086	19
3091	19
3093	19
3096	19
3098	19
3099	19
3102	19
3103	19
3107	19
3113	19
3115	19
3118	19
3120	19
3124	19
3125	19
3127	19
3128	19
3129	4
3130	19
3131	19
3134	19
3140	19
3141	19
3145	19
3147	19
3152	19
3153	19
3154	19
3155	19
3156	19
3164	19
3165	19
3168	19
3173	19
3174	19
3175	19
3176	17
3180	19
3184	19
3186	19
3189	19
3190	19
3191	19
3192	19
3193	19
3197	19
3199	19
3201	19
3202	19
3204	19
3211	19
3214	19
3219	19
3222	19
3226	19
3228	19
3230	19
3235	19
3236	19
3239	19
3240	19
3246	19
3249	19
3258	10
3263	19
3264	19
3265	19
3272	19
3274	19
3275	19
3277	19
3278	19
3282	0
3284	19
3290	19
3292	19
3300	19
3302	19
3303	19
3310	19
3314	7
3321	19
3322	19
3324	19
3326	19
3327	19
3328	19
3330	19
3332	12
3336	19
3338	19
3339	19
3340	19
3349	10
3352	19
3353	19
3355	19
3357	19
3358	19
3359	19
3364	19
3366	19
3367	19
3369	19
3370	19
3376	19
3378	19
3380	19
3383	19
3384	19
3385	19
3391	19
3392	19
3396	19
3398	19
3401	14
3402	19
3403	19
3409	19
3411	19
3413	19
3414	10
3416	19
3418	19
3424	19
3425	19
3428	19
3429	19
3431	19
3432	19
3433	19
3434	19
3438	19
3440	19
3442	3
3443	19
3447	19
3448	19
3450	19
3451	19
3454	19
3455	19
3456	19
3459	19
3463	19
3467	16
3470	12
3472	19
3476	19
3478	19
3479	19
3485	19
3486	19
3488	19
3489	19
3491	19
3493	19
3496	19
3497	19
3500	19
3501	19
3502	19
3505	19
3512	19
3515	19
3517	19
3519	19
3523	19
3524	19
3527	19
3530	19
3535	19
3539	19
3540	19
3545	19
3550	19
3551	19
3552	19
3553	19
3561	19
3562	19
3563	10
3565	19
3567	5
3569	19
3570	19
3571	19
3574	19
3575	19
3576	19
3577	19
3580	19
3581	19
3582	19
3583	19
3584	19
3592	19
3593	19
3597	19
3599	19
3602	19
3603	19
3604	19
3605	19
3606	19
3608	19
3609	19
3612	19
3613	19
3616	19
3619	19
3622	19
3626	19
3627	19
3629	19
3631	19
3632	19
3634	19
3639	19
3641	19
3642	19
3645	19
3650	19
3651	19
3655	19
3656	19
3662	19
3664	19
3666	19
3668	19
3669	19
3671	19
3672	19
3675	19
3679	19
3682	19
3683	19
3684	19
3685	19
3689	19
3694	19
3695	19
3696	19
3697	19
3699	19
3702	19
3704	19
3705	19
3706	19
3707	19
3710	19
3711	19
3714	19
3715	19
3717	19
3718	19
3719	19
3721	19
3723	19
3724	19
3725	19
3726	3
3728	19
3729	19
3730	19
3731	9
3733	19
3735	19
3737	19
3739	19
3742	19
3744	19
3745	19
3746	19
3748	19
3749	19
3750	19
3752	19
3753	19
3763	19
3764	19
3768	19
3769	19
3773	19
3774	19
3777	19
3781	19
3783	19
3785	19
3786	19
3788	19
3789	19
3790	19
3792	19
3793	19
3799	19
3801	19
3804	19
3805	19
3814	19
3819	19
3820	19
3824	2
3827	19
3829	19
3830	19
3833	19
3839	19
3840	19
3841	19
3843	7
3847	19
3853	19
3855	19
3856	19
3860	19
3862	19
3863	19
3866	19
3869	19
3870	19
3871	15
3874	19
3875	19
3876	19
3880	19
3886	19
3888	19
3892	19
3893	19
3896	19
3897	19
3898	19
3899	19
3900	19
3901	19
3903	19
3904	19
3905	19
3906	19
3909	19
3910	19
3913	1
3914	19
3915	19
3918	19
3923	19
3926	19
3927	19
3929	19
3930	19
3933	19
3944	19
3945	19
3947	19
3948	19
3953	19
3957	19
3959	19
3960	19
3961	19
3966	19
3968	19
3978	19
3979	19
3981	19
3989	19
3993	19
3996	19
3999	19
4001	19
4005	19
4011	19
4012	19
4015	19
4016	13
4017	19
4018	19
4019	19
4020	19
4021	19
4026	19
4027	19
4028	19
4029	19
4030	19
4031	19
4041	19
4042	19
4045	19
4048	19
4050	19
4053	19
4054	19
4055	19
4056	19
4058	19
4064	19
4068	19
4069	19
4071	19
4074	19
4082	19
4087	19
4090	1
4091	19
4092	19
4095	19
4097	19
4098	2
4099	19
4103	19
4109	19
4116	19
4123	19
4127	19
4139	19
4149	19
4151	19
4158	19
4159	19
4160	19
4164	19
4165	19
4168	19
4178	19
4179	1
4183	19
4184	19
4185	19
4187	19
4191	19
4196	19
4199	19
4200	19
4201	19
4202	19
4203	19
4214	19
4216	19
4217	19
4219	19
4221	19
4229	19
4231	19
4232	19
4233	19
4234	19
4235	2
4241	19
4242	19
4246	19
4251	19
4253	19
4256	19
4260	19
4261	19
4263	19
4264	19
4273	19
4279	19
4280	19
4289	19
4290	19
4296	19
4297	17
4299	19
4301	19
4302	19
4305	16
4308	19
4309	19
4314	19
4316	6
4317	19
4318	19
4321	14
4323	19
4324	19
4328	19
4329	19
4334	19
4337	19
4342	19
4343	19
4344	19
4348	19
4351	19
4352	19
4354	19
4356	19
4358	19
4362	19
4363	19
4365	19
4366	1
4367	19
4368	19
4369	19
4371	19
4372	19
4373	19
4376	19
4379	19
4381	19
4383	19
4384	19
4398	19
4399	19
4400	19
4401	19
4402	19
4403	13
4405	19
4408	19
4409	19
4412	19
4413	19
4414	19
4417	19
4418	19
4419	19
4420	19
4422	19
4426	19
4427	19
4428	19
4434	19
4435	19
4437	19
4438	19
4440	19
4445	19
4451	19
4458	19
4465	19
4468	19
4469	19
4470	19
4472	19
4474	19
4478	19
4484	5
4485	19
4488	19
4489	19
4490	19
4497	15
4504	19
4509	19
4510	19
4511	8
4513	4
4518	19
4523	19
4524	8
4527	19
4529	19
4531	19
4536	19
4537	19
4541	19
4542	19
4543	19
4545	19
4546	19
4553	19
4558	5
4559	19
4560	19
4563	19
4567	8
4568	19
4572	19
4575	19
4577	19
4579	19
4583	19
4584	19
4588	19
4592	6
4595	19
4596	19
4601	19
4603	19
4604	19
4606	19
4607	19
4609	19
4612	19
4616	19
4618	19
4621	19
4622	19
4623	19
4628	19
4630	19
4636	19
4638	19
4639	19
4646	19
4650	19
4652	19
4653	19
4661	19
4663	19
4664	19
4668	19
4669	19
4670	19
4671	19
4674	4
4676	19
4679	19
4681	19
4682	19
4683	19
4688	19
4690	19
4692	19
4693	19
4696	19
4697	19
4699	19
4704	19
4707	19
4708	19
4709	19
4715	19
4720	19
4727	19
4730	19
4732	19
4734	19
4735	2
4737	19
4738	19
4740	19
4743	19
4745	19
4749	19
4751	19
4752	19
4757	19
4758	19
4762	19
4770	19
4771	19
4774	19
4775	19
4780	19
4781	19
4782	19
4784	19
4786	19
4789	19
4790	19
4791	19
4792	19
4795	19
4796	19
4800	19
4803	19
4804	19
4807	19
4810	19
4811	19
4814	19
4816	19
4819	19
4820	19
4823	19
4825	19
4826	19
4829	14
4833	19
4836	19
4838	19
4839	12
4840	19
4841	19
4842	19
4843	13
4846	19
4847	19
4848	19
4851	19
4855	19
4857	19
4859	19
4864	19
4865	19
4869	19
4871	19
4872	19
4874	19
4876	19
4881	19
4883	19
4886	19
4887	19
4889	5
4894	19
4896	19
4900	19
4902	19
4908	19
4909	19
4910	19
4914	19
4920	19
4922	19
4924	4
4925	19
4928	19
4929	1
4930	19
4935	19
4936	19
4937	19
4938	19
4940	19
4942	19
4943	19
4945	19
4948	19
4950	19
4955	19
4957	19
4958	19
4959	19
4960	19
4961	19
4971	11
4979	19
4982	19
4983	19
4984	19
4988	19
4990	19
4996	19
4999	19
5000	19
5001	19
5006	19
5007	19
5014	19
5019	19
5026	19
5028	19
5030	19
5032	19
5033	19
5035	19
5038	19
5039	19
5044	19
5048	19
5052	19
5053	19
5054	19
5056	19
5057	19
5060	19
5063	19
5064	19
5065	19
5066	19
5068	19
5069	19
5073	19
5075	19
5078	19
5079	19
5085	19
5087	19
5093	19
5095	19
5100	19
5103	19
5105	19
5107	19
5109	19
5114	19
5115	19
5116	19
5119	13
5124	19
5127	19
5130	19
5131	19
5132	3
5133	19
5137	8
5138	19
5139	19
5140	19
5143	19
5144	19
5145	5
5148	19
5152	19
5154	19
5155	19
5156	19
5157	19
5158	19
5160	19
5170	19
5175	19
5181	7
5188	19
5194	19
5198	19
5200	19
5201	19
5203	19
5204	19
5205	5
5206	19
5209	19
5214	19
5218	19
5220	19
5221	19
5222	19
5223	19
5224	19
5227	0
5229	19
5231	19
5233	19
5236	19
5240	0
5241	19
5245	19
5247	19
5248	19
5251	19
5257	1
5260	19
5262	19
5266	19
5267	19
5270	19
5271	19
5273	19
5274	19
5276	19
5277	19
5284	19
5287	19
5289	19
5290	6
5295	19
5299	19
5302	19
5304	19
5306	19
5307	19
5308	19
5309	19
5310	19
5313	19
5314	19
5316	19
5319	19
5320	19
5322	19
5324	19
5326	19
5329	19
5337	19
5339	19
5342	12
5348	0
5349	19
5350	19
5356	19
5357	19
5359	19
5360	19
5361	19
5364	19
5366	19
5367	19
5368	19
5369	19
5370	19
5372	15
5374	19
5379	19
5380	6
5382	13
5390	19
5396	19
5400	19
5404	19
5405	19
5407	19
5410	19
5412	19
5413	19
5414	19
5416	19
5421	19
5426	19
5428	19
5432	19
5434	19
5436	19
5441	19
5442	19
5443	19
5444	19
5447	19
5448	19
5449	19
5450	19
5454	19
5457	19
5459	19
5465	19
5466	19
5468	19
5471	19
5475	19
5476	19
5478	19
5479	19
5480	19
5484	19
5485	19
5487	19
5488	19
5489	19
5491	19
5492	19
5493	13
5496	7
5497	19
5500	19
5505	19
5506	19
5507	19
5508	19
5513	19
5514	19
5515	19
5516	19
5517	19
5519	17
5522	19
5523	19
5525	19
5526	19
5527	19
5528	19
5535	19
5537	19
5538	19
5546	19
5547	19
5548	19
5550	19
5551	19
5553	19
5555	19
5556	19
5558	19
5559	19
5560	19
5561	19
5562	19
5563	19
5565	19
5566	19
5568	19
5571	19
5572	19
5573	19
5575	19
5577	19
5579	3
5580	19
5581	19
5582	19
5583	19
5589	19
5590	19
5597	19
5601	19
5603	19
5606	19
5607	19
5610	19
5614	19
5615	19
5616	8
5619	19
5621	14
5622	19
5626	19
5627	19
5629	7
5634	19
5637	19
5641	19
5643	5
5645	19
5649	19
5650	19
5651	19
5652	19
5653	19
5655	19
5656	19
5659	19
5661	2
5668	19
5671	19
5673	19
5675	19
5679	19
5682	19
5686	19
5687	19
5689	19
5690	19
5694	19
5699	19
5700	19
5701	19
5703	19
5709	19
5710	19
5711	19
5713	19
5714	19
5715	19
5717	19
5719	19
5723	19
5727	5
5728	19
5729	19
5730	15
5731	19
5732	19
5734	19
5737	19
5743	19
5744	19
5745	19
5747	19
5749	19
5751	19
5752	19
5753	19
5754	5
5755	19
5756	14
5758	19
5759	19
5760	19
5761	19
5763	19
5765	19
5767	19
5769	19
5773	2
5775	19
5778	19
5785	19
5789	19
5792	19
5805	19
5808	11
5809	19
5813	19
5815	19
5816	19
5818	19
5819	19
5820	19
5822	19
5824	19
5832	19
5833	19
5836	19
5842	19
5847	19
5849	19
5850	19
5852	19
5853	19
5854	19
5861	19
5863	19
5864	19
5867	19
5868	19
5870	19
5879	19
5886	19
5888	19
5892	19
5896	19
5900	19
5901	19
5904	19
5908	19
5909	19
5911	19
5912	19
5914	19
5916	19
5917	19
5918	19
5921	19
5924	19
5925	19
5926	19
5928	19
5931	19
5932	17
5934	19
5937	19
5940	19
5942	19
5943	19
5952	19
5956	19
5957	19
5958	19
5959	19
5960	0
5968	19
5972	19
5977	19
5978	19
5979	19
5981	19
5983	19
5985	19
5986	19
5987	19
5988	19
5990	19
5992	19
5996	19
5998	19
6002	19
6004	19
6005	19
6008	19
6010	19
6011	8
6012	19
6014	19
6016	19
6019	19
6024	4
6025	19
6026	19
6029	17
6036	19
6038	19
6040	19
6041	19
6043	19
6044	19
6046	19
6047	19
6058	19
6065	19
6068	17
6070	19
6072	19
6073	19
6075	19
6076	19
6080	19
6085	19
6091	19
6093	19
6094	19
6095	19
6097	19
6098	19
6099	19
6100	18
6103	19
6106	19
6110	19
6111	19
6112	19
6119	19
6122	19
6124	19
6125	19
6127	19
6133	19
6135	19
6139	19
6141	19
6143	19
6145	19
6146	19
6151	19
6152	19
6154	19
6157	19
6163	19
6167	19
6168	4
6172	19
6177	19
6178	19
6184	19
6190	19
6193	19
6196	19
6199	19
6206	19
6207	19
6208	19
6209	19
6210	19
6211	19
6212	19
6214	19
6221	19
6222	19
6224	19
6225	19
6231	19
6233	19
6238	19
6240	19
6241	19
6248	19
6249	19
6252	19
6254	19
6256	19
6257	19
6258	19
6261	19
6264	19
6265	13
6266	19
6267	19
6269	19
6271	19
6272	19
6274	19
6275	19
6280	10
6281	19
6284	19
6292	19
6299	19
6301	19
6304	19
6307	19
6310	19
6315	19
6318	19
6320	1
6325	19
6326	19
6328	2
6330	19
6331	3
6339	19
6341	19
6342	19
6343	19
6345	11
6346	19
6347	19
6348	19
6350	19
6352	19
6354	19
6356	19
6357	19
6360	19
6361	19
6362	19
6367	19
6372	19
6373	19
6374	19
6376	19
6377	19
6381	19
6386	15
6388	19
6389	19
6393	19
6395	19
6396	19
6398	19
6401	19
6404	19
6411	19
6414	19
6415	19
6416	19
6418	19
6420	19
6421	19
6422	19
6425	19
6428	19
6429	19
6431	0
6433	19
6438	19
6443	19
6445	19
6452	19
6453	19
6455	19
6459	19
6463	19
6465	19
6469	19
6471	19
6473	19
6475	19
6476	19
6480	19
6484	19
6485	2
6489	14
6490	19
6497	19
6499	19
6500	12
6501	19
6502	19
6505	19
6510	19
6513	19
6518	19
6519	19
6523	19
6524	19
6534	19
6536	19
6537	19
6539	16
6545	19
6546	19
6548	19
6550	19
6556	19
6559	19
6564	19
6566	19
6568	19
6572	19
6573	19
6581	19
6582	19
6585	10
6586	19
6587	19
6589	19
6595	19
6600	19
6601	19
6604	19
6606	19
6609	19
6611	19
6614	19
6617	19
6618	19
6620	19
6622	19
6623	19
6624	19
6633	19
6635	19
6636	19
6637	0
6638	19
6640	19
6643	19
6645	19
6647	11
6651	19
6652	19
6655	19
6658	19
6663	19
6664	19
6667	19
6668	19
6670	19
6673	19
6676	19
6678	19
6681	19
6683	19
6688	11
6690	19
6693	2
6699	19
6700	9
6704	19
6707	19
6708	19
6709	19
6713	19
6714	19
6715	19
6720	19
6721	19
6724	19
6727	19
6728	19
6729	19
6734	19
6737	19
6738	19
6740	19
6743	19
6746	19
6748	19
6752	19
6755	19
6757	19
6759	19
6762	19
6763	19
6765	8
6766	19
6767	19
6771	19
6772	19
6774	19
6776	19
6777	19
6778	19
6782	19
6783	19
6784	19
6785	19
6786	19
6790	19
6796	19
6797	19
6798	19
6799	19
6800	19
6801	19
6807	19
6809	5
6811	19
6813	19
6814	19
6815	19
6818	19
6820	19
6821	19
6823	19
6827	19
6828	19
6829	19
6833	11
6835	19
6839	19
6841	19
6843	19
6844	19
6846	19
6849	19
6855	19
6856	19
6857	19
6859	19
6860	19
6861	19
6862	19
6867	19
6868	1
6875	19
6878	19
6880	9
6883	19
6884	19
6886	19
6890	19
6901	19
6902	19
6903	19
6905	19
6911	19
6913	19
6914	19
6916	18
6917	19
6920	19
6926	19
6930	19
6932	19
6937	19
6938	19
6942	4
6944	19
6946	19
6947	19
6950	19
6951	19
6952	19
6967	19
6973	19
6975	19
6976	19
6978	19
6980	19
6981	19
6982	19
6984	19
6985	19
6992	19
6993	19
6996	19
6998	19
7000	19
7005	19
7010	19
7014	19
7018	19
7021	19
7024	19
7032	19
7033	19
7038	19
7039	19
7040	19
7042	19
7044	19
7050	19
7051	19
7053	17
7055	19
7056	19
7058	19
7059	11
7060	19
7061	19
7062	3
7065	19
7072	19
7074	19
7077	19
7078	19
7081	19
7084	19
7089	19
7090	19
7091	19
7094	19
7097	19
7098	19
7099	19
7104	19
7109	19
7113	3
7114	19
7115	19
7119	19
7121	19
7126	19
7130	19
7134	19
7135	19
7139	19
7140	19
7142	19
7144	19
7148	19
7150	19
7151	19
7154	19
7156	19
7157	19
7159	19
7160	19
7161	19
7164	19
7166	19
7167	19
7169	19
7171	14
7178	19
7179	19
7182	10
7184	19
7185	19
7191	3
7193	19
7199	19
7201	19
7202	19
7203	16
7204	19
7210	19
7213	19
7215	19
7216	19
7218	19
7222	19
7223	19
7225	19
7232	19
7236	19
7243	19
7244	15
7245	19
7252	19
7256	19
7258	1
7260	19
7261	19
7262	19
7263	19
7265	19
7268	19
7269	19
7272	19
7274	19
7276	19
7277	19
7278	2
7279	19
7282	19
7283	2
7291	19
7292	19
7293	19
7295	19
7301	19
7302	19
7307	19
7308	19
7309	19
7310	19
7312	19
7314	19
7315	19
7317	19
7318	19
7321	19
7322	19
7326	16
7334	19
7339	19
7340	5
7343	19
7344	19
7348	19
7350	19
7351	19
7353	19
7354	19
7360	19
7361	19
7362	19
7364	19
7366	11
7367	19
7369	19
7370	19
7372	19
7373	19
7377	19
7378	19
7379	19
7381	19
7382	19
7383	19
7384	19
7385	19
7386	19
7387	19
7388	19
7390	19
7391	19
7393	19
7396	19
7400	19
7401	19
7405	19
7407	19
7421	19
7425	19
7427	19
7430	19
7431	19
7434	19
7435	19
7440	12
7442	19
7448	19
7449	19
7450	19
7452	19
7455	19
7457	19
7459	19
7463	19
7465	19
7466	19
7469	19
7474	19
7475	19
7479	19
7480	19
7482	19
7483	19
7486	19
7487	19
7488	19
7496	19
7497	19
7501	19
7503	19
7508	19
7509	19
7511	12
7515	19
7520	19
7522	19
7523	8
7524	18
7527	19
7529	19
7533	19
7534	19
7535	19
7536	19
7537	19
7538	19
7541	19
7542	19
7543	19
7546	19
7547	5
7548	10
7549	0
7551	19
7552	19
7559	19
7562	19
7572	19
7573	19
7574	19
7576	19
7578	19
7580	19
7581	19
7582	19
7586	19
7588	19
7592	19
7593	19
7594	6
7596	19
7597	19
7598	19
7601	19
7607	19
7608	19
7611	19
7614	19
7619	19
7622	19
7623	19
7631	19
7633	19
7635	19
7640	19
7641	19
7645	19
7646	19
7647	19
7651	19
7652	19
7655	19
7662	19
7663	19
7665	19
7669	19
7673	19
7680	0
7681	19
7686	19
7687	19
7689	19
7691	19
7693	19
7695	19
7696	19
7697	19
7698	19
7700	19
7701	19
7705	19
7709	19
7711	19
7712	12
7715	19
7724	19
7725	19
7728	10
7730	19
7732	19
7733	19
7736	19
7737	19
7739	19
7740	19
7747	19
7751	2
7753	19
7754	19
7756	19
7757	19
7764	19
7768	19
7770	19
7772	19
7780	19
7786	19
7788	19
7790	19
7792	19
7793	19
7796	19
7798	19
7799	19
7800	19
7806	19
7807	19
7809	19
7810	19
7815	19
7817	19
7818	19
7819	19
7820	19
7822	19
7831	19
7836	19
7838	19
7841	19
7844	19
7845	19
7847	19
7849	19
7851	19
7853	19
7854	19
7858	19
7859	19
7862	19
7866	19
7867	19
7868	19
7877	19
7879	19
7890	19
7891	19
7894	19
7897	19
7899	19
7901	19
7903	19
7906	7
7908	19
7910	19
7912	19
7915	19
7916	19
7918	19
7921	19
7923	19
7924	19
7925	19
7926	19
7927	19
7930	19
7932	19
7933	19
7935	19
7936	19
7937	19
7942	19
7944	19
7947	19
7951	19
7955	19
7956	19
7957	19
7958	19
7963	19
7965	19
7970	19
7971	19
7972	19
7978	19
7979	19
7980	8
7981	19
7983	19
7989	16
7990	19
7992	19
7993	19
7995	19
7998	19
8003	19
8008	19
8009	19
8013	19
8019	19
8020	15
8024	19
8025	19
8027	19
8031	19
8032	19
8035	18
8036	19
8038	19
8039	19
8041	5
8046	19
8048	19
8050	19
8051	19
8052	19
8054	19
8055	19
8056	19
8058	19
8060	19
8062	19
8063	19
8064	5
8066	19
8074	19
8081	19
8092	19
8093	19
8095	19
8096	19
8097	19
8102	19
8103	19
8104	19
8105	19
8109	19
8112	19
8114	19
8115	19
8120	19
8121	19
8122	19
8123	19
8125	19
8126	19
8130	19
8132	19
8137	19
8140	19
8145	19
8150	5
8152	19
8153	19
8154	19
8157	19
8160	19
8161	19
8162	19
8166	19
8168	18
8170	19
8171	19
8174	19
8177	19
8179	19
8182	19
8184	19
8185	19
8187	19
8188	19
8189	19
8190	19
8195	19
8199	19
8200	19
8201	19
8203	19
8208	19
8209	19
8210	19
8211	19
8213	17
8214	7
8215	19
8217	7
8218	19
8219	19
8220	19
8222	19
8223	19
8225	19
8226	19
8232	19
8234	19
8235	19
8236	19
8240	19
8242	19
8243	19
8244	19
8245	19
8250	19
8252	19
8257	19
8258	19
8260	19
8264	19
8265	19
8266	19
8268	19
8270	19
8275	19
8277	19
8278	19
8280	19
8284	19
8290	19
8293	2
8294	19
8298	15
8299	19
8300	19
8302	19
8304	19
8307	19
8309	19
8312	19
8317	19
8318	19
8319	19
8321	19
8322	19
8323	19
8329	19
8332	19
8333	15
8334	19
8335	19
8337	19
8339	19
8344	0
8345	19
8348	19
8349	19
8351	19
8353	19
8354	19
8355	19
8356	19
8359	13
8360	19
8365	19
8366	19
8368	19
8371	19
8372	19
8374	19
8375	19
8377	19
8379	19
8380	19
8383	19
8389	19
8390	19
8391	19
8392	19
8394	19
8396	19
8397	19
8398	19
8399	19
8404	19
8405	19
8409	19
8411	19
8414	19
8415	19
8416	19
8420	19
8421	19
8423	19
8424	19
8426	19
8427	19
8431	19
8432	19
8437	19
8442	19
8451	19
8455	19
8456	19
8457	19
8462	19
8465	19
8468	19
8469	19
8471	19
8472	19
8474	19
8476	19
8479	19
8483	19
8486	19
8490	19
8496	19
8501	19
8503	19
8506	19
8508	19
8515	19
8516	19
8520	19
8521	19
8525	19
8529	19
8531	4
8532	19
8537	19
8548	19
8549	19
8550	19
8552	19
8553	19
8554	19
8555	19
8557	19
8559	19
8561	19
8562	19
8565	8
8566	19
8569	19
8570	19
8574	19
8575	8
8576	19
8577	6
8579	19
8584	19
8585	19
8590	19
8592	19
8595	19
8596	19
8597	19
8598	19
8599	19
8601	13
8603	19
8606	19
8607	19
8610	19
8614	19
8615	19
8617	19
8618	19
8620	19
8624	19
8627	19
8628	19
8629	19
8631	19
8632	19
8636	19
8638	19
8639	19
8643	3
8656	19
8658	19
8659	19
8661	19
8662	19
8663	19
8665	19
8666	19
8668	19
8669	19
8670	19
8673	19
8677	8
8681	19
8684	19
8687	19
8688	19
8690	19
8691	19
8696	19
8697	19
8699	19
8700	19
8706	19
8708	19
8709	19
8711	19
8712	19
8717	19
8719	19
8720	19
8721	19
8722	19
8723	19
8727	19
8728	19
8729	19
8730	19
8736	19
8739	19
8742	19
8743	6
8752	19
8753	19
8760	19
8761	19
8764	19
8765	19
8769	19
8770	19
8772	19
8774	19
8775	8
8777	19
8780	19
8784	9
8789	16
8790	19
8791	19
8793	19
8797	19
8798	19
8801	19
8802	19
8805	19
8806	19
8807	19
8808	19
8811	19
8813	19
8815	19
8816	19
8821	19
8823	19
8826	19
8828	19
8829	19
8830	19
8832	19
8833	19
8834	19
8838	19
8844	7
8845	19
8856	19
8861	19
8866	19
8867	19
8868	19
8869	19
8872	19
8873	19
8874	19
8876	19
8878	19
8879	19
8883	19
8884	6
8887	19
8890	19
8892	19
8893	19
8900	19
8903	19
8904	19
8906	19
8907	19
8910	19
8916	19
8917	19
8918	19
8920	19
8922	19
8925	19
8927	19
8931	19
8935	19
8937	19
8938	19
8940	19
8942	19
8944	19
8949	19
8950	19
8951	19
8955	19
8959	19
8962	19
8963	19
8964	19
8966	19
8968	19
8972	19
8977	19
8980	19
8982	19
8984	19
8985	19
8986	19
8987	19
8989	19
8996	19
9001	19
9002	19
9003	5
9004	19
9006	19
9011	19
9017	19
9018	19
9019	19
9023	19
9027	19
9029	19
9030	19
9031	19
9034	19
9035	19
9036	19
9037	19
9038	19
9043	19
9045	19
9048	19
9051	19
9055	19
9057	19
9058	19
9064	19
9068	19
9070	19
9071	19
9074	19
9076	19
9080	19
9081	7
9083	19
9084	19
9086	19
9087	19
9089	19
9090	19
9092	19
9094	19
9096	19
9097	19
9099	19
9100	19
9107	19
9109	19
9110	19
9115	19
9119	19
9121	19
9122	19
9123	19
9129	19
9134	19
9137	19
9140	19
9142	19
9144	3
9148	19
9149	19
9152	19
9154	19
9155	6
9156	19
9157	19
9159	19
9164	19
9167	19
9168	0
9169	19
9170	19
9176	19
9179	19
9182	19
9183	19
9186	19
9188	19
9195	19
9197	19
9200	19
9206	19
9208	19
9210	19
9213	19
9214	12
9215	19
9216	19
9219	19
9221	19
9222	19
9232	19
9233	19
9239	10
9240	19
9241	19
9242	19
9245	19
9248	19
9252	6
9257	19
9259	19
9261	19
9266	19
9268	19
9269	19
9271	19
9272	19
9274	19
9276	19
9278	19
9283	19
9284	19
9285	19
9287	19
9289	19
9292	19
9296	19
9302	19
9308	19
9309	19
9310	19
9311	19
9317	19
9319	19
9320	19
9321	19
9324	19
9328	19
9331	19
9335	19
9338	19
9340	1
9342	19
9347	19
9348	19
9349	19
9351	19
9356	19
9358	19
9359	19
9360	19
9363	19
9365	19
9366	19
9367	0
9369	19
9370	19
9371	19
9373	10
9377	6
9381	19
9385	19
9387	19
9388	2
9389	19
9391	19
9393	0
9395	19
9399	19
9405	19
9409	19
9413	19
9420	19
9421	19
9424	19
9426	19
9434	19
9437	19
9438	19
9439	19
9443	19
9447	19
9448	19
9452	19
9453	19
9454	19
9455	19
9456	19
9457	19
9458	19
9459	19
9460	19
9462	19
9463	19
9464	19
9465	19
9467	19
9468	19
9470	19
9473	19
9476	3
9480	19
9482	19
9484	19
9486	19
9488	19
9491	15
9497	19
9498	19
9503	19
9504	19
9505	19
9508	1
9509	19
9511	19
9513	19
9518	19
9519	19
9523	19
9527	19
9529	19
9530	19
9532	19
9533	19
9534	19
9535	19
9541	19
9542	19
9545	19
9546	19
9547	19
9552	19
9557	19
9558	19
9562	19
9563	13
9567	19
9570	19
9572	19
9573	19
9574	19
9576	19
9584	19
9586	19
9587	19
9592	11
9593	19
9595	19
9598	9
9599	19
9600	19
9602	19
9604	19
9606	8
9607	19
9612	19
9613	19
9617	19
9618	19
9619	19
9620	19
9621	19
9622	19
9624	19
9627	19
9632	19
9634	19
9635	19
9639	19
9641	19
9645	19
9653	15
9654	0
9657	19
9659	19
9661	19
9662	19
9668	19
9669	19
9671	4
9672	19
9676	19
9677	19
9678	12
9679	19
9682	19
9683	19
9684	19
9691	19
9693	19
9695	19
9696	19
9701	19
9703	19
9704	19
9705	19
9707	19
9709	15
9712	19
9716	19
9720	19
9724	19
9735	19
9736	19
9737	17
9740	19
9745	19
9747	19
9750	14
9752	19
9753	19
9757	19
9761	19
9763	19
9764	19
9765	19
9766	19
9767	16
9770	19
9773	19
9774	19
9776	19
9781	19
9782	19
9785	19
9790	19
9794	19
9796	19
9797	19
9799	19
9801	3
9802	0
9807	19
9808	19
9812	19
9815	19
9819	19
9820	19
9821	19
9822	19
9825	19
9827	19
9828	19
9829	19
9837	19
9838	19
9839	19
9840	17
9842	19
9846	19
9848	19
9849	19
9856	19
9858	19
9861	19
9864	19
9867	19
9869	6
9872	12
9874	2
9875	19
9881	19
9882	19
9883	19
9887	19
9891	19
9894	19
9900	19
9902	19
9905	19
9910	19
9911	19
9913	19
9914	19
9915	19
9918	19
9922	19
9927	19
9929	19
9930	19
9931	19
9932	19
9934	19
9939	19
9940	19
9941	19
9942	19
9946	19
9947	19
9950	19
9952	19
9953	19
9960	19
9963	19
9964	19
9965	19
9972	19
9973	11
9974	19
9977	19
9981	19
9983	19
9992	19
9995	19
9996	19
9997	19
