1	0
3	0
11	0
12	1
13	1
15	2
17	1
18	0
22	0
23	1
27	1
28	1
32	0
35	0
36	1
38	0
39	0
40	0
41	0
42	0
45	0
46	1
52	0
54	1
57	0
61	1
66	0
68	1
70	0
71	0
72	0
73	0
75	0
76	0
77	1
78	1
82	0
83	1
84	0
87	0
92	1
95	1
96	1
97	1
99	1
100	1
104	1
108	1
110	0
112	1
113	0
114	1
117	1
118	1
120	0
122	1
123	0
127	0
129	1
132	1
137	0
138	1
139	0
140	0
142	1
143	1
146	0
148	0
149	1
151	0
161	0
164	0
165	1
167	1
172	1
175	0
176	1
177	1
178	1
180	0
182	1
183	0
184	1
189	1
194	1
195	0
197	0
198	1
199	1
200	0
201	1
210	0
214	1
217	1
220	0
223	1
225	1
226	0
231	0
232	1
234	1
236	0
240	0
241	0
246	0
247	1
248	1
249	1
251	1
252	0
253	1
254	0
255	1
256	0
257	1
262	0
265	1
267	1
268	1
270	1
274	1
275	1
278	0
282	1
283	1
286	0
287	1
295	0
299	1
301	1
307	1
308	1
309	1
310	0
311	1
313	1
315	0
319	1
320	1
322	1
323	0
324	1
327	1
336	1
337	0
338	1
339	2
342	0
345	1
352	0
354	1
356	1
359	0
360	0
362	1
364	0
367	0
370	1
371	0
374	1
375	1
378	0
381	0
386	1
387	1
389	0
390	0
391	1
392	1
394	0
395	0
397	0
398	1
400	0
402	0
403	0
408	0
409	0
411	1
416	1
423	1
424	2
425	1
426	0
427	1
431	0
432	1
436	1
438	1
447	1
448	1
450	0
452	1
453	1
454	0
457	0
458	0
461	1
462	1
464	0
469	0
471	0
475	1
477	0
479	0
481	0
484	0
485	0
488	1
489	1
490	0
491	0
494	1
497	1
500	1
501	0
502	1
503	1
507	1
509	0
511	1
512	1
516	1
518	0
520	0
521	1
524	1
525	0
526	1
535	0
537	0
539	0
541	0
542	1
547	1
553	1
563	0
564	0
566	1
567	0
568	1
570	0
571	1
573	0
574	0
580	0
585	0
586	0
587	1
588	0
592	0
595	1
598	0
599	1
600	0
601	1
604	0
605	0
606	1
607	1
608	1
610	0
612	0
613	1
614	0
617	1
618	1
619	0
622	0
624	1
628	0
630	1
634	0
635	1
638	1
641	1
643	0
644	0
649	0
650	1
651	0
655	1
656	0
657	1
661	0
662	1
663	1
665	0
668	1
675	1
679	1
680	0
682	0
687	1
690	1
691	0
692	0
696	1
698	1
699	1
701	0
704	1
705	1
706	1
707	0
709	1
711	0
714	1
719	0
722	0
723	1
726	1
727	1
728	0
730	1
731	1
733	1
734	0
740	1
741	1
744	0
750	1
751	0
752	0
753	0
755	0
756	0
767	0
770	0
774	1
777	0
781	1
783	0
787	1
789	1
790	0
795	1
798	0
800	1
804	0
809	1
810	1
811	1
812	1
814	0
815	1
823	0
824	1
826	1
833	0
834	0
836	1
837	1
838	1
843	0
844	1
845	1
846	1
847	0
850	1
851	1
852	0
854	0
857	1
858	0
859	1
862	0
864	1
870	0
872	1
875	1
878	0
883	1
886	1
888	0
889	0
892	1
893	1
894	0
896	0
898	0
906	1
907	1
910	1
912	1
914	1
915	0
917	1
918	1
928	1
929	0
930	0
933	1
937	1
942	1
943	0
947	1
948	0
951	0
952	1
954	1
955	1
956	1
959	0
963	1
964	0
966	1
969	0
974	0
980	0
981	0
984	0
987	1
990	1
1002	1
1008	0
1010	0
1011	1
1016	1
1019	1
1021	1
1022	1
1024	0
1025	1
1027	0
1033	1
1034	1
1036	1
1039	2
1043	0
1047	0
1048	0
1053	1
1056	0
1057	0
1061	1
1062	1
1065	1
1067	0
1069	1
1073	1
1074	0
1083	1
1084	1
1089	1
1095	0
1096	0
1097	1
1100	0
1101	1
1105	1
1114	0
1116	0
1120	0
1125	1
1127	0
1129	0
1134	0
1135	1
1137	1
1139	1
1142	1
1143	0
1146	0
1147	0
1148	0
1152	0
1153	1
1159	1
1172	1
1175	1
1177	0
1178	0
1183	0
1184	0
1188	1
1190	1
1192	1
1193	0
1195	1
1196	1
1199	0
1201	1
1202	1
1203	1
1207	1
1209	1
1210	1
1212	1
1214	1
1219	0
1221	1
1223	0
1224	1
1225	0
1226	0
1230	0
1235	1
1238	1
1240	1
1244	1
1245	1
1248	0
1255	1
1256	1
1260	1
1261	1
1265	1
1266	1
1267	0
1269	1
1277	0
1278	0
1280	1
1282	1
1285	0
1286	0
1287	0
1288	1
1292	1
1298	1
1303	0
1304	1
1305	0
1310	1
1314	1
1320	0
1324	0
1326	1
1330	1
1335	0
1336	1
1338	0
1341	1
1342	0
1344	0
1345	1
1351	0
1353	0
1355	0
1356	0
1357	0
1358	1
1359	0
1362	1
1366	1
1367	0
1368	1
1372	0
1374	0
1375	1
1378	0
1386	0
1387	0
1388	1
1389	0
1398	1
1402	0
1403	0
1404	0
1405	1
1409	0
1413	1
1415	0
1416	1
1418	0
1420	1
1421	1
1424	0
1426	0
1432	0
1434	1
1439	1
1440	1
1441	1
1442	0
1444	1
1450	1
1453	0
1459	0
1460	1
1464	1
1465	1
1467	1
1468	1
1469	0
1470	0
1471	0
1473	1
1475	1
1479	0
1483	1
1484	1
1485	0
1487	1
1491	0
1492	1
1501	0
1504	0
1508	1
1509	0
1514	0
1516	1
1517	1
1520	0
1521	1
1522	0
1525	1
1527	0
1529	0
1530	1
1531	0
1532	1
1534	0
1536	1
1538	0
1540	1
1542	1
1546	1
1547	1
1549	1
1550	0
1553	0
1556	1
1558	0
1559	0
1560	0
1561	0
1564	0
1566	0
1568	1
1569	1
1570	0
1574	1
1575	0
1576	0
1580	0
1582	1
1591	1
1592	0
1593	1
1598	0
1600	0
1601	1
1605	0
1606	0
1615	1
1617	1
1622	0
1623	1
1625	1
1626	0
1627	1
1630	1
1631	0
1634	0
1635	1
1636	1
1638	1
1639	1
1641	1
1643	1
1645	0
1649	0
1651	0
1653	1
1659	1
1661	1
1662	0
1663	1
1666	1
1667	0
1668	1
1669	1
1672	1
1680	0
1684	0
1686	1
1688	1
1689	0
1691	1
1694	0
1695	1
1697	0
1698	0
1700	0
1701	1
1705	0
1710	1
1712	1
1718	1
1720	0
1721	1
1723	0
1724	1
1727	0
1728	1
1731	1
1732	0
1734	0
1735	0
1736	1
1739	0
1740	1
1741	0
1744	0
1746	0
1747	0
1750	0
1753	0
1755	0
1763	1
1764	0
1766	1
1767	0
1770	0
1771	0
1772	0
1773	0
1775	1
1779	0
1780	0
1784	1
1785	1
1792	1
1793	0
1795	1
1796	0
1798	1
1799	0
1807	0
1808	0
1811	1
1814	1
1817	1
1818	1
1823	0
1824	0
1830	0
1831	0
1834	0
1837	0
1839	0
1842	0
1844	0
1846	1
1847	1
1849	0
1850	0
1853	1
1854	1
1855	1
1856	1
1858	0
1859	0
1862	1
1867	1
1872	1
1873	1
1874	1
1877	1
1880	0
1881	1
1883	1
1884	0
1885	1
1886	1
1887	0
1889	1
1893	1
1894	1
1897	0
1900	0
1903	1
1908	0
1911	0
1913	1
1914	0
1915	1
1919	0
1921	0
1924	1
1925	0
1928	1
1929	0
1931	1
1937	0
1938	1
1939	0
1942	0
1943	0
1944	1
1946	0
1948	1
1955	1
1965	0
1967	0
1968	1
1971	0
1972	0
1975	0
1977	0
1978	0
1983	0
1989	1
1991	1
1996	0
1998	1
2004	0
2005	1
2007	0
2009	0
2016	0
2019	0
2022	0
2028	0
2031	1
2034	1
2035	0
2038	0
2039	1
2040	1
2043	0
2047	1
2048	1
2050	0
2051	1
2056	1
2058	1
2059	1
2062	0
2064	1
2068	1
2079	1
2083	1
2086	1
2090	1
2100	0
2101	1
2102	1
2108	1
2109	0
2110	1
2111	0
2113	0
2114	0
2116	1
2119	0
2120	1
2121	1
2129	0
2130	1
2131	1
2132	1
2137	0
2141	0
2145	0
2146	0
2147	1
2150	1
2157	1
2161	0
2163	0
2172	1
2173	1
2174	0
2175	0
2176	1
2182	1
2184	0
2187	0
2189	0
2190	1
2195	1
2196	1
2199	1
2204	1
2208	0
2211	1
2213	0
2214	1
2216	1
2218	1
2223	1
2225	1
2226	1
2227	0
2229	0
2230	0
2234	1
2235	0
2236	1
2237	0
2239	0
2244	0
2257	1
2262	0
2264	0
2268	0
2269	0
2271	1
2273	1
2275	1
2277	0
2284	0
2285	0
2287	1
2289	0
2293	0
2294	0
2295	0
2296	1
2297	1
2300	0
2307	1
2308	1
2315	0
2316	0
2319	0
2323	1
2324	1
2326	1
2329	0
2331	1
2334	1
2337	0
2340	0
2342	0
2343	0
2346	1
2349	0
2351	0
2365	0
2366	1
2376	1
2378	1
2380	0
2385	0
2386	0
2388	0
2390	1
2392	1
2394	1
2395	1
2396	1
2397	1
2401	1
2407	0
2408	1
2413	0
2414	1
2417	0
2422	1
2424	0
2427	0
2428	0
2429	0
2432	0
2434	1
2436	1
2437	0
2438	1
2439	0
2440	0
2441	1
2443	1
2445	1
2447	0
2452	0
2454	1
2463	0
2465	1
2466	1
2467	0
2468	0
2471	0
2474	1
2480	1
2482	1
2487	1
2490	1
2493	1
2495	0
2498	0
2499	1
2502	1
2503	0
2504	1
2505	1
2507	1
2509	0
2511	0
2515	0
2516	0
2517	0
2519	1
2523	1
2525	0
2526	1
2528	1
2534	0
2535	0
2540	1
2541	0
2543	0
2544	1
2545	1
2546	1
2551	1
2553	0
2555	1
2559	1
2566	0
2568	1
2571	0
2572	1
2573	1
2575	1
2576	1
2578	1
2583	0
2584	0
2585	1
2587	0
2589	1
2590	1
2591	1
2594	0
2595	1
2599	1
2600	1
2602	0
2604	0
2605	1
2606	1
2608	0
2613	0
2614	1
2618	1
2620	0
2623	0
2625	0
2627	0
2629	1
2631	1
2636	1
2640	0
2641	0
2645	1
2646	1
2647	1
2655	0
2656	0
2658	1
2661	0
2664	1
2668	0
2671	0
2672	1
2674	0
2678	0
2679	1
2681	0
2685	0
2687	0
2688	0
2690	1
2694	1
2695	1
2697	0
2701	0
2702	0
2703	0
2707	0
2708	0
2722	0
2727	0
2728	0
2730	1
2732	0
2737	1
2738	1
2739	0
2740	1
2742	0
2743	1
2746	1
2750	1
2751	0
2754	0
2760	0
2762	1
2763	0
2767	1
2770	0
2771	0
2773	0
2774	1
2777	1
2781	1
2785	1
2786	1
2787	0
2790	0
2791	1
2793	1
2794	0
2795	0
2798	0
2800	1
2803	1
2804	0
2806	0
2808	1
2809	1
2810	1
2812	1
2815	0
2816	0
2818	1
2820	1
2821	0
2822	0
2823	1
2826	1
2827	1
2830	0
2832	0
2834	1
2839	0
2843	0
2845	1
2849	0
2851	0
2853	0
2862	1
2864	1
2865	0
2867	0
2870	0
2873	1
2875	1
2876	0
2877	0
2878	1
2883	0
2885	1
2891	0
2892	0
2895	1
2899	1
2900	0
2906	1
2912	1
2914	1
2917	0
2919	1
2920	1
2922	1
2924	0
2927	1
2929	0
2935	1
2938	0
2941	1
2943	1
2945	0
2948	0
2950	1
2953	0
2955	0
2956	0
2960	0
2961	1
2962	0
2969	0
2972	1
2974	1
2975	0
2976	0
2977	1
2978	1
2980	0
2982	1
2987	1
2988	1
2991	1
2995	1
2996	1
3000	1
3001	1
3002	0
3005	0
3007	1
3008	1
3011	0
3012	1
3014	0
3015	0
3016	1
3017	1
3018	0
3023	1
3024	1
3027	0
3031	1
3033	1
3034	0
3035	0
3036	1
3039	0
3041	1
3042	1
3043	1
3044	0
3045	1
3046	1
3049	1
3050	0
3051	1
3054	1
3058	1
3063	1
3064	0
3067	1
3074	1
3077	1
3080	0
3081	1
3082	1
3083	1
3086	1
3090	1
3092	1
3094	0
3095	1
3098	1
3099	0
3100	1
3101	0
3102	1
3109	1
3113	1
3114	0
3115	1
3119	1
3124	0
3126	0
3127	0
3128	1
3129	1
3133	0
3134	0
3136	0
3138	0
3139	1
3141	0
3143	0
3147	0
3148	1
3150	0
3153	0
3154	1
3155	0
3157	0
3158	1
3159	0
3160	1
3162	1
3167	0
3170	0
3172	0
3175	1
3176	0
3178	0
3180	0
3181	0
3184	1
3185	1
3187	1
3190	1
3191	1
3192	0
3197	1
3200	1
3203	0
3204	1
3208	0
3210	1
3211	1
3213	0
3214	0
3215	0
3219	1
3222	0
3232	1
3233	1
3234	0
3240	1
3241	1
3245	0
3246	0
3247	0
3248	0
3250	1
3252	0
3257	1
3259	1
3265	0
3266	0
3272	0
3275	1
3279	0
3280	1
3281	0
3284	1
3285	0
3288	1
3289	1
3290	0
3291	1
3297	0
3301	1
3304	0
3310	0
3314	0
3317	0
3320	0
3322	0
3323	0
3329	0
3332	0
3333	1
3335	1
3337	1
3340	0
3341	1
3342	0
3344	1
3345	0
3346	0
3352	0
3355	1
3356	0
3360	1
3362	1
3364	0
3365	0
3367	0
3368	0
3369	0
3371	0
3372	0
3375	2
3377	1
3378	0
3379	0
3380	1
3381	1
3387	0
3390	0
3394	1
3397	0
3400	0
3402	1
3406	0
3410	0
3411	1
3412	0
3413	1
3417	1
3420	1
3421	0
3424	0
3425	1
3427	1
3430	0
3431	0
3433	1
3436	1
3438	1
3439	2
3441	0
3444	1
3445	1
3452	0
3456	1
3462	1
3464	1
3465	1
3466	0
3473	1
3479	0
3480	0
3482	0
3484	1
3488	0
3494	0
3498	1
3505	1
3506	0
3507	0
3509	1
3510	1
3511	1
3515	0
3517	0
3524	0
3525	0
3529	0
3530	1
3531	1
3532	2
3534	0
3535	0
3539	1
3540	1
3543	0
3548	0
3549	0
3550	0
3555	1
3557	1
3559	0
3562	1
3564	1
3570	1
3573	1
3574	1
3575	0
3576	1
3579	1
3581	0
3582	0
3584	0
3586	1
3587	1
3589	1
3590	0
3591	0
3594	1
3596	0
3598	1
3603	1
3605	1
3607	0
3612	0
3614	1
3617	1
3618	1
3619	1
3621	0
3624	1
3625	0
3627	1
3629	0
3633	1
3635	1
3643	0
3644	1
3645	1
3648	1
3650	0
3653	0
3658	1
3661	1
3663	0
3666	0
3667	1
3669	1
3671	0
3672	0
3675	0
3678	1
3679	1
3680	1
3685	1
3686	0
3687	1
3688	0
3689	0
3690	1
3695	0
3701	1
3703	0
3705	1
3706	1
3707	0
3710	0
3714	0
3716	0
3717	0
3719	0
3722	1
3725	1
3726	0
3727	1
3728	0
3729	0
3730	1
3731	0
3734	1
3736	1
3737	0
3742	1
3743	1
3744	1
3750	0
3752	1
3753	0
3755	1
3757	1
3759	0
3761	1
3773	0
3783	1
3784	1
3786	1
3789	0
3790	1
3791	1
3792	1
3794	1
3796	0
3797	1
3798	1
3800	0
3803	0
3804	0
3805	1
3806	0
3807	1
3808	0
3810	0
3811	1
3812	0
3813	0
3815	1
3816	1
3819	0
3821	0
3823	0
3829	0
3830	0
3834	1
3838	0
3841	0
3844	1
3851	1
3853	1
3855	1
3863	1
3865	0
3867	1
3869	1
3872	1
3878	0
3880	0
3882	1
3887	0
3888	0
3895	0
3899	1
3901	1
3905	0
3907	0
3911	1
3913	1
3914	1
3926	0
3929	1
3934	1
3936	0
3938	1
3943	0
3954	1
3959	1
3961	1
3966	0
3967	1
3970	0
3972	1
3974	0
3975	1
3976	0
3978	0
3981	0
3983	0
3984	0
3985	1
3988	1
3989	1
3998	1
3999	0
4000	0
4002	0
4004	1
4009	0
4010	1
4011	1
4014	0
4015	1
4016	0
4017	0
4019	0
4020	0
4022	1
4025	1
4026	0
4027	1
4032	0
4034	1
4042	1
4043	0
4046	0
4049	1
4056	0
4057	1
4059	1
4061	0
4063	1
4066	0
4072	0
4073	1
4074	0
4081	0
4083	1
4084	0
4093	1
4096	1
4099	1
4102	0
4103	0
4107	1
4110	1
4112	1
4115	1
4117	0
4118	1
4123	0
4125	1
4126	1
4130	1
4131	1
4133	0
4135	1
4146	1
4147	1
4148	1
4153	0
4159	0
4161	0
4164	0
4167	0
4168	0
4170	1
4172	0
4175	1
4177	0
4178	1
4179	1
4180	1
4183	0
4184	1
4185	0
4187	0
4188	0
4189	1
4194	0
4195	0
4198	0
4199	1
4200	1
4203	1
4204	1
4205	0
4207	1
4209	1
4210	1
4213	0
4219	0
4228	1
4229	1
4234	1
4235	1
4238	1
4242	1
4250	1
4252	0
4255	0
4256	0
4257	1
4259	0
4262	1
4266	1
4267	0
4272	1
4280	1
4281	0
4286	1
4287	1
4295	1
4296	0
4301	1
4305	1
4310	0
4312	1
4313	0
4314	1
4320	0
4323	0
4324	0
4326	1
4332	1
4333	0
4334	1
4335	1
4336	1
4338	1
4339	1
4340	1
4341	1
4343	1
4344	0
4346	1
4349	1
4350	0
4352	0
4353	1
4355	0
4357	1
4359	1
4364	1
4365	0
4369	0
4372	1
4376	1
4378	1
4379	1
4382	1
4385	1
4389	1
4392	0
4396	0
4400	0
4406	1
4408	0
4409	2
4411	1
4412	1
4413	0
4414	0
4419	0
4420	0
4421	1
4423	0
4425	0
4427	1
4428	1
4432	1
4434	0
4437	1
4443	0
4446	0
4449	1
4451	1
4454	0
4455	0
4459	1
4461	0
4467	1
4469	1
4471	1
4472	0
4477	1
4478	0
4484	1
4486	0
4489	0
4495	0
4499	1
4501	0
4507	0
4509	0
4510	1
4512	1
4516	0
4517	0
4518	1
4520	0
4523	1
4529	0
4532	0
4534	1
4538	1
4541	1
4542	1
4547	0
4548	0
4555	0
4557	1
4564	0
4567	1
4570	1
4571	1
4574	0
4578	1
4585	1
4587	0
4592	1
4598	0
4600	1
4611	0
4612	0
4613	1
4615	1
4616	1
4618	0
4619	1
4622	0
4623	0
4624	1
4626	1
4628	0
4629	1
4635	0
4636	1
4637	1
4643	1
4645	0
4647	0
4648	0
4650	0
4656	1
4667	0
4670	1
4671	0
4674	0
4675	1
4679	1
4681	1
4682	1
4683	0
4685	1
4689	0
4692	0
4693	1
4695	0
4696	0
4697	0
4698	1
4701	0
4704	1
4706	1
4708	1
4711	0
4713	0
4714	1
4715	0
4716	0
4718	0
4719	0
4721	1
4723	1
4727	1
4728	1
4729	1
4731	1
4732	1
4733	1
4734	1
4736	1
4738	0
4739	0
4740	1
4742	0
4743	1
4747	0
4752	0
4753	1
4756	1
4760	1
4762	1
4763	1
4765	1
4766	1
4767	0
4768	1
4769	1
4771	0
4772	1
4773	0
4774	0
4776	0
4777	0
4778	1
4782	0
4784	1
4788	0
4790	0
4792	0
4795	0
4797	0
4798	1
4799	0
4804	1
4809	1
4813	0
4815	1
4819	1
4822	1
4824	1
4825	1
4828	0
4831	0
4833	0
4835	0
4836	0
4839	0
4841	1
4844	0
4845	1
4847	1
4848	1
4854	1
4855	0
4858	0
4859	1
4862	0
4864	1
4867	0
4871	1
4873	1
4876	0
4880	0
4887	1
4889	0
4890	1
4896	1
4897	0
4899	0
4900	0
4902	1
4906	0
4909	0
4912	0
4913	1
4923	1
4926	1
4931	1
4934	1
4935	1
4936	0
4938	0
4946	0
4947	1
4954	0
4962	0
4963	0
4964	1
4965	1
4968	1
4969	0
4978	1
4979	0
4983	0
4991	0
4992	1
4993	0
4995	0
4996	1
4997	1
4998	1
4999	0
5003	0
5005	1
5006	1
5009	0
5010	0
5015	1
5016	0
5019	1
5026	1
5027	0
5029	0
5030	0
5032	1
5033	1
5035	2
5037	0
5039	0
5044	0
5045	0
5046	0
5049	1
5059	1
5062	1
5066	0
5068	0
5069	1
5075	0
5076	1
5077	0
5081	1
5082	1
5083	0
5084	0
5085	1
5086	0
5087	1
5088	0
5091	1
5092	1
5093	1
5095	0
5097	1
5098	1
5100	0
5101	1
5102	1
5105	1
5109	1
5111	1
5112	2
5113	1
5114	0
5115	1
5116	0
5118	1
5119	1
5121	1
5122	1
5125	1
5126	0
5128	1
5131	0
5133	0
5135	1
5142	0
5146	0
5147	0
5150	1
5152	0
5153	1
5154	1
5158	0
5161	0
5166	1
5171	1
5172	1
5173	1
5178	1
5179	1
5185	0
5189	1
5192	1
5194	0
5198	1
5201	0
5204	0
5212	0
5213	0
5217	0
5218	1
5219	0
5220	1
5224	1
5229	1
5231	0
5232	0
5235	0
5237	2
5239	0
5240	1
5241	1
5242	0
5244	1
5249	2
5255	1
5257	1
5258	0
5260	1
5262	0
5263	1
5264	1
5265	0
5267	1
5268	0
5269	1
5270	0
5271	1
5275	0
5277	1
5284	0
5285	0
5287	0
5288	1
5290	1
5295	1
5296	0
5300	1
5302	1
5303	0
5304	0
5305	1
5306	0
5308	1
5310	0
5311	1
5314	1
5317	1
5318	0
5320	0
5321	1
5323	0
5325	0
5327	0
5328	1
5329	0
5332	0
5336	0
5338	1
5339	0
5341	0
5342	1
5348	1
5349	0
5351	0
5353	0
5355	0
5358	1
5360	0
5361	0
5363	0
5365	0
5367	1
5371	0
5372	0
5374	0
5375	1
5378	0
5379	1
5380	1
5381	0
5383	0
5387	1
5388	0
5389	1
5391	1
5392	1
5396	1
5397	1
5399	1
5404	1
5405	1
5406	1
5411	1
5415	1
5416	1
5417	0
5418	0
5420	1
5423	1
5430	0
5434	0
5436	1
5438	0
5439	0
5449	0
5451	0
5452	1
5454	1
5455	0
5456	0
5458	0
5464	1
5466	0
5469	1
5470	0
5472	0
5473	0
5474	1
5480	0
5483	0
5484	0
5490	0
5497	0
5498	0
5503	0
5505	1
5506	0
5507	0
5514	0
5515	0
5518	0
5520	1
5521	0
5522	0
5523	1
5527	0
5529	0
5539	1
5540	0
5544	1
5545	1
5548	1
5549	0
5552	1
5555	1
5557	1
5560	0
5563	1
5569	1
5570	1
5572	1
5573	0
5576	0
5580	0
5581	2
5585	0
5586	0
5587	0
5589	0
5590	1
5592	1
5593	0
5600	0
5601	1
5609	0
5613	0
5614	1
5616	1
5620	0
5622	0
5623	0
5625	1
5626	1
5627	1
5628	0
5634	0
5635	0
5636	0
5637	0
5639	1
5640	1
5645	1
5647	0
5648	1
5651	0
5652	0
5654	1
5655	1
5656	1
5660	1
5661	1
5664	0
5666	0
5669	0
5671	1
5672	1
5675	0
5676	0
5681	0
5682	1
5685	1
5687	1
5693	0
5696	1
5700	1
5701	1
5703	2
5705	0
5706	0
5707	1
5708	0
5709	1
5720	0
5721	0
5724	0
5725	1
5729	0
5730	0
5731	1
5733	0
5734	1
5736	0
5740	0
5748	0
5749	0
5753	1
5755	0
5764	0
5765	0
5766	0
5769	0
5772	0
5776	0
5778	0
5779	0
5781	1
5782	1
5783	1
5785	0
5788	1
5790	1
5791	1
5793	1
5797	1
5807	0
5809	1
5810	1
5812	0
5813	1
5814	0
5816	0
5820	1
5822	0
5825	0
5826	0
5831	1
5833	1
5835	1
5837	0
5838	1
5839	0
5844	0
5848	1
5854	0
5856	1
5859	1
5860	1
5863	0
5865	1
5868	1
5875	1
5876	1
5877	1
5878	0
5881	1
5882	0
5883	1
5885	1
5886	1
5887	1
5889	1
5891	1
5896	1
5897	1
5899	0
5902	0
5903	0
5904	2
5914	0
5920	0
5922	0
5923	1
5928	1
5934	0
5935	1
5937	0
5939	0
5941	0
5942	0
5948	1
5949	1
5951	0
5954	0
5956	1
5958	0
5959	1
5960	1
5972	0
5975	1
5977	0
5981	0
5983	1
5992	1
5993	1
5994	0
5995	0
5996	0
5998	1
6002	0
6004	0
6006	0
6007	0
6008	0
6010	1
6011	0
6013	1
6014	1
6015	0
6019	1
6021	0
6022	0
6024	0
6025	1
6037	1
6039	1
6041	0
6043	1
6044	1
6046	0
6048	1
6049	1
6052	1
6054	1
6057	1
6059	1
6064	1
6065	1
6066	1
6067	0
6069	0
6070	1
6072	1
6092	1
6094	0
6098	1
6099	0
6101	1
6103	1
6104	1
6107	1
6108	0
6111	0
6113	0
6115	0
6122	0
6123	1
6126	0
6127	1
6132	1
6133	1
6135	1
6137	1
6139	1
6140	0
6142	0
6143	0
6145	0
6146	1
6149	1
6154	1
6160	0
6161	0
6162	1
6167	0
6168	1
6169	0
6171	1
6172	1
6173	0
6178	0
6179	1
6185	1
6188	1
6190	0
6192	1
6196	1
6200	1
6202	1
6205	1
6207	0
6208	0
6209	0
6210	1
6213	1
6215	1
6217	0
6218	1
6219	1
6220	1
6221	1
6223	0
6226	0
6227	0
6231	0
6233	1
6234	1
6236	1
6237	1
6244	1
6246	0
6250	0
6254	1
6255	1
6257	0
6258	0
6260	0
6261	1
6262	1
6263	1
6267	1
6270	1
6273	1
6276	0
6277	0
6278	0
6282	1
6289	0
6292	1
6293	1
6294	1
6296	1
6297	0
6298	1
6304	0
6305	0
6307	1
6315	1
6317	1
6321	1
6322	1
6323	1
6325	0
6327	0
6328	1
6329	1
6331	1
6335	0
6339	1
6341	1
6342	1
6344	0
6346	0
6347	0
6356	0
6358	1
6359	0
6364	1
6371	0
6372	0
6374	0
6376	1
6380	0
6381	1
6382	1
6384	1
6387	0
6388	1
6390	0
6401	1
6403	0
6404	0
6407	1
6409	1
6412	1
6414	0
6418	1
6419	0
6422	1
6424	0
6426	0
6428	0
6429	1
6442	1
6445	1
6449	0
6451	0
6452	0
6453	1
6455	0
6456	1
6457	1
6458	0
6459	1
6462	0
6464	0
6467	0
6469	0
6474	0
6476	1
6484	1
6486	0
6490	1
6491	1
6494	1
6495	1
6496	1
6498	1
6499	1
6508	0
6510	1
6512	0
6513	1
6522	1
6523	0
6526	0
6527	1
6530	1
6531	1
6534	1
6536	0
6537	1
6539	1
6540	0
6541	0
6542	1
6544	1
6545	1
6550	0
6552	0
6554	0
6557	1
6560	0
6561	0
6562	1
6564	1
6565	1
6566	0
6568	1
6569	1
6570	1
6572	1
6574	1
6576	0
6577	1
6579	1
6580	0
6582	0
6583	1
6592	0
6593	0
6598	0
6602	1
6607	1
6609	1
6611	1
6620	1
6621	1
6624	0
6627	0
6628	0
6630	0
6632	0
6633	0
6637	1
6638	0
6639	0
6640	1
6641	1
6642	0
6645	1
6650	1
6654	1
6655	0
6659	1
6662	1
6663	0
6665	0
6668	0
6672	0
6673	1
6674	0
6678	1
6682	0
6687	1
6688	0
6691	0
6694	0
6695	0
6697	1
6699	0
6701	0
6704	1
6707	1
6712	1
6714	0
6716	1
6721	1
6722	1
6725	1
6726	1
6729	1
6731	0
6732	0
6733	0
6734	1
6742	0
6745	0
6746	0
6747	0
6748	1
6749	1
6750	1
6751	1
6754	0
6755	0
6757	0
6760	1
6761	0
6764	1
6767	1
6768	1
6771	0
6773	1
6776	1
6777	0
6779	0
6780	1
6781	0
6782	1
6787	0
6798	1
6804	1
6813	0
6815	1
6817	0
6819	0
6820	1
6821	0
6822	0
6823	1
6829	0
6831	0
6834	1
6835	0
6836	0
6837	0
6838	1
6844	0
6849	1
6851	0
6852	0
6853	1
6855	0
6856	1
6858	1
6862	0
6863	1
6864	0
6865	0
6866	0
6868	0
6870	1
6872	0
6873	1
6878	0
6880	1
6884	0
6894	0
6897	1
6899	1
6901	1
6902	0
6903	1
6906	0
6907	1
6908	0
6910	0
6912	0
6913	1
6926	1
6928	0
6933	1
6934	0
6935	0
6938	0
6939	0
6944	1
6945	0
6946	1
6947	0
6948	1
6953	0
6954	0
6955	1
6956	1
6960	0
6962	0
6964	0
6965	0
6966	0
6968	0
6969	0
6971	1
6972	0
6973	0
6975	1
6977	1
6979	1
6981	0
6982	1
6989	1
6997	0
6998	0
7002	0
7004	1
7005	0
7006	1
7007	1
7012	1
7015	0
7017	1
7020	0
7021	0
7022	1
7024	0
7025	0
7026	1
7029	1
7033	1
7039	1
7042	0
7043	0
7044	1
7045	1
7050	0
7052	0
7053	0
7054	1
7055	1
7059	0
7064	0
7065	0
7069	0
7072	1
7075	1
7076	0
7078	0
7081	1
7084	1
7086	1
7088	0
7091	1
7093	1
7095	0
7096	0
7097	1
7100	1
7107	1
7109	1
7111	1
7113	0
7114	1
7118	0
7119	1
7120	1
7125	0
7129	1
7130	0
7131	1
7132	0
7136	1
7138	1
7141	0
7142	1
7143	0
7146	0
7148	0
7156	1
7158	0
7159	1
7166	1
7168	1
7172	1
7174	1
7177	1
7179	1
7182	1
7188	1
7189	0
7190	0
7191	1
7194	1
7197	0
7204	0
7211	0
7212	1
7213	1
7216	1
7217	0
7218	0
7219	0
7222	0
7223	0
7225	1
7226	1
7228	0
7230	1
7233	0
7238	1
7239	0
7244	1
7245	0
7246	0
7249	1
7250	1
7253	0
7256	1
7257	1
7262	1
7263	1
7265	1
7266	1
7267	1
7269	1
7270	1
7271	1
7275	0
7276	0
7277	1
7278	1
7280	0
7282	1
7285	1
7287	1
7288	0
7294	1
7295	1
7298	1
7300	1
7304	1
7305	1
7308	1
7310	0
7312	0
7316	1
7321	1
7323	0
7327	0
7328	0
7329	1
7330	1
7331	1
7335	1
7337	0
7341	1
7342	1
7343	0
7345	1
7349	0
7351	0
7352	1
7354	0
7355	1
7356	1
7360	1
7364	0
7365	1
7366	0
7368	0
7370	0
7374	0
7375	1
7378	0
7381	0
7384	0
7385	0
7386	1
7392	1
7394	1
7397	1
7407	0
7411	0
7412	0
7415	0
7421	1
7422	0
7423	0
7426	1
7428	1
7429	0
7437	1
7438	0
7439	0
7442	0
7446	0
7447	0
7451	1
7452	1
7453	1
7454	1
7455	1
7456	1
7457	0
7459	0
7460	0
7461	0
7462	0
7463	1
7464	0
7465	1
7467	1
7469	0
7471	1
7477	0
7478	1
7482	0
7486	0
7487	1
7491	1
7492	1
7493	1
7494	1
7495	1
7497	1
7498	0
7500	0
7501	1
7503	1
7505	1
7508	1
7509	0
7510	1
7513	1
7516	1
7517	0
7520	0
